0x2E6D8030, 37410249353426392, 522039227, 522039242, 15, 320x180 
0x2E6D8030, 37410249354860056, 522039366, 522039367, 1, 320x180 
0x2E6D8030, 37410249356139792, 522039493, 522039496, 3, 320x180 
0x2E6D8030, 37410249357420360, 522039624, 522039626, 2, 320x180 
0x2E6D8030, 37410249359020872, 522039786, 522039810, 24, 640x360 
0x2E6D8030, 37410249359501504, 522039832, 522039835, 3, 640x360 
0x2E6D8030, 37410249359821136, 522039864, 522039866, 2, 640x360 
0x2E6D8030, 37410249360139472, 522039896, 522039898, 2, 640x360 
0x2E6D8030, 37410249360460448, 522039927, 522039930, 3, 640x360 
0x2E6D8030, 37410249360780696, 522039959, 522039962, 3, 640x360 
0x2E6D8030, 37410249361099840, 522039990, 522039992, 2, 640x360 
0x2E6D8030, 37410249361421632, 522040024, 522040026, 2, 640x360 
0x2E6D8030, 37410249361740584, 522040055, 522040058, 3, 640x360 
0x2E6D8030, 37410249362060544, 522040088, 522040091, 3, 640x360 
0x2E6D8030, 37410249362380680, 522040120, 522040122, 2, 640x360 
0x2E6D8030, 37410249362700248, 522040154, 522040156, 2, 640x360 
0x2E6D8030, 37410249363020904, 522040184, 522040186, 2, 640x360 
0x2E6D8030, 37410249363660496, 522040246, 522040248, 2, 640x360 
0x2E6D8030, 37410249364141528, 522040297, 522040299, 2, 640x360 
0x2E6D8030, 37410249364460232, 522040328, 522040330, 2, 640x360 
0x2E6D8030, 37410249364780504, 522040360, 522040362, 2, 640x360 
0x2E6D8030, 37410249365099656, 522040392, 522040395, 3, 640x360 
0x2E6D8030, 37410249365420464, 522040423, 522040426, 3, 640x360 
0x2E6D8030, 37410249365740584, 522040458, 522040460, 2, 640x360 
0x2E6D8030, 37410249366060336, 522040489, 522040491, 2, 640x360 
0x2E6D8030, 37410249366380064, 522040520, 522040522, 2, 640x360 
0x2E6D8030, 37410249366699880, 522040551, 522040553, 2, 640x360 
0x2E6D8030, 37410249367020424, 522040582, 522040584, 2, 640x360 
0x2E6D8030, 37410249367341000, 522040617, 522040619, 2, 640x360 
0x2E6D8030, 37410249367660560, 522040647, 522040650, 3, 640x360 
0x2E6D8030, 37410249367980344, 522040680, 522040682, 2, 640x360 
0x2E6D8030, 37410249368299832, 522040710, 522040712, 2, 640x360 
0x2E6D8030, 37410249368779808, 522040761, 522040763, 2, 640x360 
0x2E6D8030, 37410249369100856, 522040792, 522040794, 2, 640x360 
0x2E6D8030, 37410249369420032, 522040825, 522040827, 2, 640x360 
0x2E6D8030, 37410249369739792, 522040860, 522040862, 2, 640x360 
0x2E6D8030, 37410249370061016, 522040885, 522040887, 2, 640x360 
0x2E6D8030, 37410249370380752, 522040921, 522040923, 2, 640x360 
0x2E6D8030, 37410249370700024, 522040951, 522040953, 2, 640x360 
0x2E6D8030, 37410249371019872, 522040985, 522040987, 2, 640x360 
0x2E6D8030, 37410249371340184, 522041017, 522041019, 2, 640x360 
0x2E6D8030, 37410249371660656, 522041048, 522041049, 1, 640x360 
0x2E6D8030, 37410249371980504, 522041078, 522041080, 2, 640x360 
0x2E6D8030, 37410249372301528, 522041110, 522041112, 2, 640x360 
0x2E6D8030, 37410249372620064, 522041146, 522041148, 2, 640x360 
0x2E6D8030, 37410249372940120, 522041177, 522041179, 2, 640x360 
0x2E6D8030, 37410249373420520, 522041222, 522041224, 2, 640x360 
0x2E6D8030, 37410249373740120, 522041254, 522041256, 2, 640x360 
0x2E6D8030, 37410249374060616, 522041286, 522041288, 2, 640x360 
0x2E6D8030, 37410249374380728, 522041319, 522041321, 2, 640x360 
0x2E6D8030, 37410249374699664, 522041351, 522041353, 2, 640x360 
0x2E6D8030, 37410249375020840, 522041383, 522041384, 1, 640x360 
0x2E6D8030, 37410249375340456, 522041413, 522041415, 2, 640x360 
0x2E6D8030, 37410249375661696, 522041446, 522041448, 2, 640x360 
0x2E6D8030, 37410249375979928, 522041478, 522041480, 2, 640x360 
0x2E6D8030, 37410249376300072, 522041510, 522041512, 2, 640x360 
0x2E6D8030, 37410249376620992, 522041544, 522041546, 2, 640x360 
0x2E6D8030, 37410249376941096, 522041576, 522041578, 2, 640x360 
0x2E6D8030, 37410249377260120, 522041607, 522041609, 2, 640x360 
0x2E6D8030, 37410249377580328, 522041639, 522041641, 2, 640x360 
0x2E6D8030, 37410249378060128, 522041685, 522041687, 2, 640x360 
0x2E6D8030, 37410249378379920, 522041718, 522041721, 3, 640x360 
0x2E6D8030, 37410249378699848, 522041750, 522041752, 2, 640x360 
0x2E6D8030, 37410249379024968, 522041786, 522041788, 2, 640x360 
0x2E6D8030, 37410249379339992, 522041816, 522041817, 1, 640x360 
0x2E6D8030, 37410249379660672, 522041847, 522041849, 2, 640x360 
0x2E6D8030, 37410249379981896, 522041879, 522041881, 2, 640x360 
0x2E6D8030, 37410249380299752, 522041911, 522041912, 1, 640x360 
0x2E6D8030, 37410249380621224, 522041943, 522041946, 3, 640x360 
0x2E6D8030, 37410249380940184, 522041974, 522041976, 2, 640x360 
0x2E6D8030, 37410249381260440, 522042005, 522042008, 3, 640x360 
0x2E6D8030, 37410249381580528, 522042039, 522042041, 2, 640x360 
0x2E6D8030, 37410249381900176, 522042070, 522042072, 2, 640x360 
0x2E6D8030, 37410249382220864, 522042103, 522042105, 2, 640x360 
0x2E6D8030, 37410249382699864, 522042149, 522042151, 2, 640x360 
0x2E6D8030, 37410249383019888, 522042181, 522042183, 2, 640x360 
0x2E6D8030, 37410249383341448, 522042218, 522042220, 2, 640x360 
0x2E6D8030, 37410249383660144, 522042249, 522042251, 2, 640x360 
0x2E6D8030, 37410249383980160, 522042277, 522042279, 2, 640x360 
0x2E6D8030, 37410249384300232, 522042310, 522042312, 2, 640x360 
0x2E6D8030, 37410249384620184, 522042342, 522042344, 2, 640x360 
0x2E6D8030, 37410249384941000, 522042375, 522042377, 2, 640x360 
0x2E6D8030, 37410249385260528, 522042405, 522042407, 2, 640x360 
0x2E6D8030, 37410249385580680, 522042442, 522042445, 3, 640x360 
0x2E6D8030, 37410249385899936, 522042473, 522042475, 2, 640x360 
0x2E6D8030, 37410249386220832, 522042503, 522042505, 2, 640x360 
0x2E6D8030, 37410249386541136, 522042534, 522042537, 3, 640x360 
0x2E6D8030, 37410249386860584, 522042565, 522042567, 2, 640x360 
0x2E6D8030, 37410249387341320, 522042617, 522042619, 2, 640x360 
0x2E6D8030, 37410249387660744, 522042648, 522042650, 2, 640x360 
0x2E6D8030, 37410249387979904, 522042680, 522042682, 2, 640x360 
0x2E6D8030, 37410249388299840, 522042711, 522042713, 2, 640x360 
0x2E6D8030, 37410249388621408, 522042745, 522042747, 2, 640x360 
0x2E6D8030, 37410249388940032, 522042775, 522042777, 2, 640x360 
0x2E6D8030, 37410249389260720, 522042806, 522042808, 2, 640x360 
0x2E6D8030, 37410249389580448, 522042841, 522042844, 3, 640x360 
0x2E6D8030, 37410249389899952, 522042872, 522042874, 2, 640x360 
0x2E6D8030, 37410249390220400, 522042902, 522042903, 1, 640x360 
0x2E6D8030, 37410249390540368, 522042938, 522042940, 2, 640x360 
0x2E6D8030, 37410249390861616, 522042965, 522042967, 2, 640x360 
0x2E6D8030, 37410249391180816, 522042998, 522043001, 3, 640x360 
0x2E6D8030, 37410249391979824, 522043081, 522043082, 1, 640x360 
0x2E6D8030, 37410249392299616, 522043112, 522043114, 2, 640x360 
0x2E6D8030, 37410249392620344, 522043146, 522043148, 2, 640x360 
0x2E6D8030, 37410249392940432, 522043176, 522043178, 2, 640x360 
0x2E6D8030, 37410249393260368, 522043207, 522043209, 2, 640x360 
0x2E6D8030, 37410249393580280, 522043241, 522043243, 2, 640x360 
0x2E6D8030, 37410249393899928, 522043274, 522043276, 2, 640x360 
0x2E6D8030, 37410249394221840, 522043306, 522043307, 1, 640x360 
0x2E6D8030, 37410249394540232, 522043333, 522043336, 3, 640x360 
0x2E6D8030, 37410249394860888, 522043366, 522043369, 3, 640x360 
0x2E6D8030, 37410249395180880, 522043400, 522043401, 1, 640x360 
0x2E6D8030, 37410249395500152, 522043432, 522043435, 3, 640x360 
0x2E6D8030, 37410249395820640, 522043466, 522043467, 1, 640x360 
0x2E6D8030, 37410249396139960, 522043497, 522043499, 2, 640x360 
0x2E6D8030, 37410249396461248, 522043527, 522043529, 2, 640x360 
0x2E6D8030, 37410249396940496, 522043580, 522043582, 2, 640x360 
0x2E6D8030, 37410249397260128, 522043606, 522043608, 2, 640x360 
0x2E6D8030, 37410249397579944, 522043639, 522043640, 1, 640x360 
0x2E6D8030, 37410249397899720, 522043671, 522043673, 2, 640x360 
0x2E6D8030, 37410249398220800, 522043706, 522043708, 2, 640x360 
0x2E6D8030, 37410249398540832, 522043736, 522043738, 2, 640x360 
0x2E6D8030, 37410249398860384, 522043766, 522043768, 2, 640x360 
0x2E6D8030, 37410249399180128, 522043797, 522043800, 3, 640x360 
0x2E6D8030, 37410249399500584, 522043833, 522043835, 2, 640x360 
0x2E6D8030, 37410249399820640, 522043862, 522043864, 2, 640x360 
0x2E6D8030, 37410249400139872, 522043895, 522043896, 1, 640x360 
0x2E6D8030, 37410249400461296, 522043928, 522043930, 2, 640x360 
0x2E6D8030, 37410249400780352, 522043958, 522043960, 2, 640x360 
0x2E6D8030, 37410249401100040, 522043990, 522043992, 2, 640x360 
0x2E6D8030, 37410249401580696, 522044041, 522044042, 1, 640x360 
0x2E6D8030, 37410249401900936, 522044072, 522044074, 2, 640x360 
0x2E6D8030, 37410249402220720, 522044102, 522044104, 2, 640x360 
0x2E6D8030, 37410249402540472, 522044133, 522044135, 2, 640x360 
0x2E6D8030, 37410249402861704, 522044170, 522044172, 2, 640x360 
0x2E6D8030, 37410249403179912, 522044201, 522044203, 2, 640x360 
0x2E6D8030, 37410249403499976, 522044232, 522044234, 2, 640x360 
0x2E6D8030, 37410249403820360, 522044262, 522044264, 2, 640x360 
0x2E6D8030, 37410249404140456, 522044298, 522044300, 2, 640x360 
0x2E6D8030, 37410249404460472, 522044329, 522044331, 2, 640x360 
0x2E6D8030, 37410249404779968, 522044358, 522044360, 2, 640x360 
0x2E6D8030, 37410249405101552, 522044391, 522044393, 2, 640x360 
0x2E6D8030, 37410249405420696, 522044421, 522044423, 2, 640x360 
0x2E6D8030, 37410249405740560, 522044458, 522044460, 2, 640x360 
0x2E6D8030, 37410249406219648, 522044506, 522044507, 1, 640x360 
0x2E6D8030, 37410249406539976, 522044536, 522044538, 2, 640x360 
0x2E6D8030, 37410249406860256, 522044567, 522044569, 2, 640x360 
0x2E6D8030, 37410249407180232, 522044599, 522044601, 2, 640x360 
0x2E6D8030, 37410249407500584, 522044631, 522044633, 2, 640x360 
0x2E6D8030, 37410249407821360, 522044663, 522044665, 2, 640x360 
0x2E6D8030, 37410249408141064, 522044695, 522044696, 1, 640x360 
0x2E6D8030, 37410249408460568, 522044726, 522044728, 2, 640x360 
0x2E6D8030, 37410249408780512, 522044760, 522044762, 2, 640x360 
0x2E6D8030, 37410249409100552, 522044793, 522044795, 2, 640x360 
0x2E6D8030, 37410249409420472, 522044821, 522044823, 2, 640x360 
0x2E6D8030, 37410249409740208, 522044854, 522044856, 2, 640x360 
0x2E6D8030, 37410249410060664, 522044886, 522044888, 2, 640x360 
0x2E6D8030, 37410249410380584, 522044918, 522044919, 1, 640x360 
0x2E6D8030, 37410249410860880, 522044965, 522044967, 2, 640x360 
0x2E6D8030, 37410249411179624, 522045001, 522045003, 2, 640x360 
0x2E6D8030, 37410249411500464, 522045032, 522045034, 2, 640x360 
0x2E6D8030, 37410249411822736, 522045063, 522045066, 3, 640x360 
0x2E6D8030, 37410249412140072, 522045095, 522045097, 2, 640x360 
0x2E6D8030, 37410249412460056, 522045127, 522045129, 2, 640x360 
0x2E6D8030, 37410249412780672, 522045158, 522045160, 2, 640x360 
0x2E6D8030, 37410249413100696, 522045195, 522045199, 4, 640x360 
0x2E6D8030, 37410249413420496, 522045226, 522045228, 2, 640x360 
0x2E6D8030, 37410249413740096, 522045256, 522045258, 2, 640x360 
0x2E6D8030, 37410249414060600, 522045288, 522045290, 2, 640x360 
0x2E6D8030, 37410249414383120, 522045321, 522045323, 2, 640x360 
0x2E6D8030, 37410249414700208, 522045354, 522045356, 2, 640x360 
0x2E6D8030, 37410249415020704, 522045385, 522045386, 1, 640x360 
0x2E6D8030, 37410249415499536, 522045431, 522045433, 2, 640x360 
0x2E6D8030, 37410249415821224, 522045462, 522045464, 2, 640x360 
0x2E6D8030, 37410249416145456, 522045500, 522045502, 2, 640x360 
0x2E6D8030, 37410249416460248, 522045526, 522045528, 2, 640x360 
0x2E6D8030, 37410249416780456, 522045561, 522045563, 2, 640x360 
0x2E6D8030, 37410249417099824, 522045593, 522045595, 2, 640x360 
0x2E6D8030, 37410249417421608, 522045621, 522045623, 2, 640x360 
0x2E6D8030, 37410249417740800, 522045657, 522045660, 3, 640x360 
0x2E6D8030, 37410249418060496, 522045688, 522045690, 2, 640x360 
0x2E6D8030, 37410249418380248, 522045719, 522045721, 2, 640x360 
0x2E6D8030, 37410249418699888, 522045751, 522045753, 2, 640x360 
0x2E6D8030, 37410249419020496, 522045782, 522045784, 2, 640x360 
0x2E6D8030, 37410249419340240, 522045814, 522045815, 1, 640x360 
0x2E6D8030, 37410249419660704, 522045846, 522045848, 2, 640x360 
0x2E6D8030, 37410249420140040, 522045894, 522045896, 2, 640x360 
0x2E6D8030, 37410249420459736, 522045930, 522045931, 1, 640x360 
0x2E6D8030, 37410249420780408, 522045961, 522045963, 2, 640x360 
0x2E6D8030, 37410249421099520, 522045992, 522045994, 2, 640x360 
0x2E6D8030, 37410249421422800, 522046026, 522046028, 2, 640x360 
0x2E6D8030, 37410249421740480, 522046057, 522046059, 2, 640x360 
0x2E6D8030, 37410249422060112, 522046088, 522046090, 2, 640x360 
0x2E6D8030, 37410249422379952, 522046121, 522046123, 2, 640x360 
0x2E6D8030, 37410249422700144, 522046153, 522046155, 2, 640x360 
0x2E6D8030, 37410249423020608, 522046181, 522046183, 2, 640x360 
0x2E6D8030, 37410249423341224, 522046217, 522046219, 2, 640x360 
0x2E6D8030, 37410249423660936, 522046250, 522046252, 2, 640x360 
0x2E6D8030, 37410249423981000, 522046278, 522046281, 3, 640x360 
0x2E6D8030, 37410249424780616, 522046361, 522046363, 2, 640x360 
0x2E6D8030, 37410249425100712, 522046391, 522046393, 2, 640x360 
0x2E6D8030, 37410249425421072, 522046425, 522046427, 2, 640x360 
0x2E6D8030, 37410249425740424, 522046457, 522046458, 1, 640x360 
0x2E6D8030, 37410249426060400, 522046488, 522046490, 2, 640x360 
0x2E6D8030, 37410249426380384, 522046520, 522046521, 1, 640x360 
0x2E6D8030, 37410249426699896, 522046550, 522046552, 2, 640x360 
0x2E6D8030, 37410249427021576, 522046586, 522046588, 2, 640x360 
0x2E6D8030, 37410249427340480, 522046616, 522046618, 2, 640x360 
0x2E6D8030, 37410249427661688, 522046647, 522046649, 2, 640x360 
0x2E6D8030, 37410249427987824, 522046679, 522046681, 2, 640x360 
0x2E6D8030, 37410249428300112, 522046710, 522046712, 2, 640x360 
0x2E6D8030, 37410249428621656, 522046742, 522046744, 2, 640x360 
0x2E6D8030, 37410249428941312, 522046777, 522046779, 2, 640x360 
0x2E6D8030, 37410249429420752, 522046824, 522046826, 2, 640x360 
0x2E6D8030, 37410249429740336, 522046858, 522046860, 2, 640x360 
0x2E6D8030, 37410249430060176, 522046889, 522046891, 2, 640x360 
0x2E6D8030, 37410249430380048, 522046917, 522046920, 3, 640x360 
0x2E6D8030, 37410249430700064, 522046954, 522046956, 2, 640x360 
0x2E6D8030, 37410249431024320, 522046986, 522046988, 2, 640x360 
0x2E6D8030, 37410249431339968, 522047017, 522047019, 2, 640x360 
0x2E6D8030, 37410249431661328, 522047047, 522047049, 2, 640x360 
0x2E6D8030, 37410249431980984, 522047082, 522047083, 1, 640x360 
0x2E6D8030, 37410249432300120, 522047112, 522047114, 2, 640x360 
0x2E6D8030, 37410249432620624, 522047145, 522047147, 2, 640x360 
0x2E6D8030, 37410249432940176, 522047176, 522047178, 2, 640x360 
0x2E6D8030, 37410249433260776, 522047207, 522047209, 2, 640x360 
0x2E6D8030, 37410249433580072, 522047237, 522047239, 2, 640x360 
0x2E6D8030, 37410249434060896, 522047287, 522047289, 2, 640x360 
0x2E6D8030, 37410249434380592, 522047320, 522047322, 2, 640x360 
0x2E6D8030, 37410249434700064, 522047352, 522047354, 2, 640x360 
0x2E6D8030, 37410249435021432, 522047381, 522047383, 2, 640x360 
0x2E6D8030, 37410249435340184, 522047419, 522047421, 2, 640x360 
0x2E6D8030, 37410249435660352, 522047449, 522047451, 2, 640x360 
0x2E6D8030, 37410249435981448, 522047481, 522047483, 2, 640x360 
0x2E6D8030, 37410249436300920, 522047512, 522047514, 2, 640x360 
0x2E6D8030, 37410249436621520, 522047542, 522047544, 2, 640x360 
0x2E6D8030, 37410249436940048, 522047580, 522047582, 2, 640x360 
0x2E6D8030, 37410249437261080, 522047606, 522047608, 2, 640x360 
0x2E6D8030, 37410249437580112, 522047639, 522047641, 2, 640x360 
0x2E6D8030, 37410249437900464, 522047671, 522047673, 2, 640x360 
0x2E6D8030, 37410249438219960, 522047704, 522047706, 2, 640x360 
0x2E6D8030, 37410249438699392, 522047753, 522047755, 2, 640x360 
0x2E6D8030, 37410249439019392, 522047784, 522047786, 2, 640x360 
0x2E6D8030, 37410249439339920, 522047816, 522047818, 2, 640x360 
0x2E6D8030, 37410249439661032, 522047848, 522047850, 2, 640x360 
0x2E6D8030, 37410249439983800, 522047882, 522047884, 2, 640x360 
0x2E6D8030, 37410249440299808, 522047914, 522047917, 3, 640x360 
0x2E6D8030, 37410249440620448, 522047946, 522047949, 3, 640x360 
0x2E6D8030, 37410249440940544, 522047977, 522047981, 4, 640x360 
0x2E6D8030, 37410249441260568, 522048009, 522048014, 5, 640x360 
0x2E6D8030, 37410249441580936, 522048040, 522048044, 4, 640x360 
0x2E6D8030, 37410249441900472, 522048072, 522048076, 4, 640x360 
0x2E6D8030, 37410249442221472, 522048106, 522048108, 2, 640x360 
0x2E6D8030, 37410249442540400, 522048133, 522048135, 2, 640x360 
0x2E6D8030, 37410249442860376, 522048171, 522048173, 2, 640x360 
0x2E6D8030, 37410249443340888, 522048217, 522048219, 2, 640x360 
0x2E6D8030, 37410249443660952, 522048248, 522048249, 1, 640x360 
0x2E6D8030, 37410249443980800, 522048282, 522048284, 2, 640x360 
0x2E6D8030, 37410249444300648, 522048312, 522048314, 2, 640x360 
0x2E6D8030, 37410249444620464, 522048345, 522048347, 2, 640x360 
0x2E6D8030, 37410249444940848, 522048376, 522048378, 2, 640x360 
0x2E6D8030, 37410249445259944, 522048407, 522048409, 2, 640x360 
0x2E6D8030, 37410249445582696, 522048442, 522048444, 2, 640x360 
0x2E6D8030, 37410249445900360, 522048473, 522048475, 2, 640x360 
0x2E6D8030, 37410249446220256, 522048501, 522048504, 3, 640x360 
0x2E6D8030, 37410249446540512, 522048538, 522048540, 2, 640x360 
0x2E6D8030, 37410249446860560, 522048569, 522048570, 1, 640x360 
0x2E6D8030, 37410249447179904, 522048597, 522048599, 2, 640x360 
0x2E6D8030, 37410249447499808, 522048634, 522048636, 2, 640x360 
0x2E6D8030, 37410249447979528, 522048681, 522048684, 3, 640x360 
0x2E6D8030, 37410249448299776, 522048711, 522048713, 2, 640x360 
0x2E6D8030, 37410249448619976, 522048744, 522048746, 2, 640x360 
0x2E6D8030, 37410249448940000, 522048776, 522048778, 2, 640x360 
0x2E6D8030, 37410249449260088, 522048808, 522048810, 2, 640x360 
0x2E6D8030, 37410249449580720, 522048837, 522048840, 3, 640x360 
0x2E6D8030, 37410249449900360, 522048874, 522048876, 2, 640x360 
0x2E6D8030, 37410249450220048, 522048905, 522048908, 3, 640x360 
0x2E6D8030, 37410249450541128, 522048937, 522048939, 2, 640x360 
0x2E6D8030, 37410249450860656, 522048967, 522048969, 2, 640x360 
0x2E6D8030, 37410249451180176, 522048998, 522049000, 2, 640x360 
0x2E6D8030, 37410249451500888, 522049034, 522049036, 2, 640x360 
0x2E6D8030, 37410249451820080, 522049061, 522049063, 2, 640x360 
0x2E6D8030, 37410249452140264, 522049098, 522049100, 2, 640x360 
0x2E6D8030, 37410249452619952, 522049146, 522049148, 2, 640x360 
0x2E6D8030, 37410249452940016, 522049177, 522049179, 2, 640x360 
0x2E6D8030, 37410249453260088, 522049208, 522049210, 2, 640x360 
0x2E6D8030, 37410249453580848, 522049240, 522049243, 3, 640x360 
0x2E6D8030, 37410249453900776, 522049273, 522049275, 2, 640x360 
0x2E6D8030, 37410249454220760, 522049304, 522049306, 2, 640x360 
0x2E6D8030, 37410249454540616, 522049335, 522049337, 2, 640x360 
0x2E6D8030, 37410249454860600, 522049366, 522049368, 2, 640x360 
0x2E6D8030, 37410249455180016, 522049397, 522049399, 2, 640x360 
0x2E6D8030, 37410249455500568, 522049433, 522049436, 3, 640x360 
0x2E6D8030, 37410249455820336, 522049465, 522049468, 3, 640x360 
0x2E6D8030, 37410249456140616, 522049497, 522049501, 4, 640x360 
0x2E6D8030, 37410249456460968, 522049530, 522049532, 2, 640x360 
0x2E6D8030, 37410249457260120, 522049610, 522049613, 3, 640x360 
0x2E6D8030, 37410249457580208, 522049640, 522049642, 2, 640x360 
0x2E6D8030, 37410249457900344, 522049671, 522049674, 3, 640x360 
0x2E6D8030, 37410249458220192, 522049703, 522049705, 2, 640x360 
0x2E6D8030, 37410249458540424, 522049736, 522049738, 2, 640x360 
0x2E6D8030, 37410249458860344, 522049767, 522049770, 3, 640x360 
0x2E6D8030, 37410249459180936, 522049799, 522049801, 2, 640x360 
0x2E6D8030, 37410249459500368, 522049831, 522049834, 3, 640x360 
0x2E6D8030, 37410249459821336, 522049865, 522049868, 3, 640x360 
0x2E6D8030, 37410249460140304, 522049899, 522049902, 3, 640x360 
0x2E6D8030, 37410249460460816, 522049925, 522049928, 3, 640x360 
0x2E6D8030, 37410249460780128, 522049958, 522049959, 1, 640x360 
0x2E6D8030, 37410249461100528, 522049994, 522049997, 3, 640x360 
0x2E6D8030, 37410249461420960, 522050026, 522050029, 3, 640x360 
0x2E6D8030, 37410249461899976, 522050069, 522050071, 2, 640x360 
0x2E6D8030, 37410249462220056, 522050105, 522050107, 2, 640x360 
0x2E6D8030, 37410249462540672, 522050138, 522050145, 7, 640x360 
0x2E6D8030, 37410249462861520, 522050169, 522050172, 3, 640x360 
0x2E6D8030, 37410249463181224, 522050200, 522050203, 3, 640x360 
0x2E6D8030, 37410249463500360, 522050231, 522050233, 2, 640x360 
0x2E6D8030, 37410249463820184, 522050262, 522050264, 2, 640x360 
0x2E6D8030, 37410249464139816, 522050298, 522050299, 1, 640x360 
0x2E6D8030, 37410249464460536, 522050330, 522050332, 2, 640x360 
0x2E6D8030, 37410249464781776, 522050362, 522050364, 2, 640x360 
0x2E6D8030, 37410249465099928, 522050393, 522050396, 3, 640x360 
0x2E6D8030, 37410249465421008, 522050422, 522050425, 3, 640x360 
0x2E6D8030, 37410249465740544, 522050455, 522050457, 2, 640x360 
0x2E6D8030, 37410249466060768, 522050487, 522050489, 2, 640x360 
0x2E6D8030, 37410249466540360, 522050536, 522050538, 2, 640x360 
0x2E6D8030, 37410249466860432, 522050567, 522050569, 2, 640x360 
0x2E6D8030, 37410249467187400, 522050599, 522050602, 3, 640x360 
0x2E6D8030, 37410249467499344, 522050630, 522050632, 2, 640x360 
0x2E6D8030, 37410249467820480, 522050665, 522050667, 2, 640x360 
0x2E6D8030, 37410249468140664, 522050695, 522050697, 2, 640x360 
0x2E6D8030, 37410249468460344, 522050728, 522050729, 1, 640x360 
0x2E6D8030, 37410249468780648, 522050759, 522050761, 2, 640x360 
0x2E6D8030, 37410249469100552, 522050790, 522050793, 3, 640x360 
0x2E6D8030, 37410249469425000, 522050826, 522050828, 2, 640x360 
0x2E6D8030, 37410249469740280, 522050857, 522050859, 2, 640x360 
0x2E6D8030, 37410249470061168, 522050888, 522050890, 2, 640x360 
0x2E6D8030, 37410249470380536, 522050920, 522050923, 3, 640x360 
0x2E6D8030, 37410249470699672, 522050952, 522050954, 2, 640x360 
0x2E6D8030, 37410249471179896, 522051001, 522051004, 3, 640x360 
0x2E6D8030, 37410249471500384, 522051032, 522051035, 3, 640x360 
0x2E6D8030, 37410249471820128, 522051064, 522051067, 3, 640x360 
0x2E6D8030, 37410249472140048, 522051095, 522051097, 2, 640x360 
0x2E6D8030, 37410249472460464, 522051126, 522051128, 2, 640x360 
0x2E6D8030, 37410249472780520, 522051158, 522051159, 1, 640x360 
0x2E6D8030, 37410249473100680, 522051191, 522051194, 3, 640x360 
0x2E6D8030, 37410249473421408, 522051224, 522051226, 2, 640x360 
0x2E6D8030, 37410249473740744, 522051255, 522051258, 3, 640x360 
0x2E6D8030, 37410249474060872, 522051286, 522051288, 2, 640x360 
0x2E6D8030, 37410249474380600, 522051321, 522051323, 2, 640x360 
0x2E6D8030, 37410249474701136, 522051351, 522051354, 3, 640x360 
0x2E6D8030, 37410249475020456, 522051383, 522051385, 2, 640x360 
0x2E6D8030, 37410249475339960, 522051415, 522051417, 2, 640x360 
0x2E6D8030, 37410249475820168, 522051462, 522051464, 2, 640x360 
0x2E6D8030, 37410249476140424, 522051495, 522051497, 2, 640x360 
0x2E6D8030, 37410249476461072, 522051528, 522051529, 1, 640x360 
0x2E6D8030, 37410249476780000, 522051559, 522051561, 2, 640x360 
0x2E6D8030, 37410249477100176, 522051592, 522051594, 2, 640x360 
0x2E6D8030, 37410249477420104, 522051621, 522051623, 2, 640x360 
0x2E6D8030, 37410249477740408, 522051658, 522051660, 2, 640x360 
0x2E6D8030, 37410249478060400, 522051690, 522051693, 3, 640x360 
0x2E6D8030, 37410249478380040, 522051720, 522051722, 2, 640x360 
0x2E6D8030, 37410249478700440, 522051751, 522051754, 3, 640x360 
0x2E6D8030, 37410249479020712, 522051781, 522051784, 3, 640x360 
0x2E6D8030, 37410249479339936, 522051814, 522051816, 2, 640x360 
0x2E6D8030, 37410249479660888, 522051846, 522051848, 2, 640x360 
0x2E6D8030, 37410249479990496, 522051878, 522051880, 2, 640x360 
0x2E6D8030, 37410249480300120, 522051910, 522051912, 2, 640x360 
0x2E6D8030, 37410249480779984, 522051960, 522051963, 3, 640x360 
0x2E6D8030, 37410249481099616, 522051992, 522051994, 2, 640x360 
0x2E6D8030, 37410249481420032, 522052025, 522052028, 3, 640x360 
0x2E6D8030, 37410249481740664, 522052056, 522052058, 2, 640x360 
0x2E6D8030, 37410249482060496, 522052088, 522052090, 2, 640x360 
0x2E6D8030, 37410249482380832, 522052122, 522052124, 2, 640x360 
0x2E6D8030, 37410249482700136, 522052149, 522052151, 2, 640x360 
0x2E6D8030, 37410249483020704, 522052186, 522052188, 2, 640x360 
0x2E6D8030, 37410249483340080, 522052214, 522052216, 2, 640x360 
0x2E6D8030, 37410249483660192, 522052245, 522052247, 2, 640x360 
0x2E6D8030, 37410249483980272, 522052278, 522052280, 2, 640x360 
0x2E6D8030, 37410249484301512, 522052310, 522052313, 3, 640x360 
0x2E6D8030, 37410249484620344, 522052344, 522052346, 2, 640x360 
0x2E6D8030, 37410249484941000, 522052375, 522052377, 2, 640x360 
0x2E6D8030, 37410249485419992, 522052421, 522052423, 2, 640x360 
0x2E6D8030, 37410249485740528, 522052453, 522052455, 2, 640x360 
0x2E6D8030, 37410249486060880, 522052485, 522052487, 2, 640x360 
0x2E6D8030, 37410249486388352, 522052523, 522052525, 2, 640x360 
0x2E6D8030, 37410249486701288, 522052550, 522052552, 2, 640x360 
0x2E6D8030, 37410249487020232, 522052583, 522052585, 2, 640x360 
0x2E6D8030, 37410249487341664, 522052615, 522052617, 2, 640x360 
0x2E6D8030, 37410249487660336, 522052648, 522052650, 2, 640x360 
0x2E6D8030, 37410249487980472, 522052681, 522052683, 2, 640x360 
0x2E6D8030, 37410249488299720, 522052713, 522052715, 2, 640x360 
0x2E6D8030, 37410249488620592, 522052745, 522052747, 2, 640x360 
0x2E6D8030, 37410249488940680, 522052777, 522052779, 2, 640x360 
0x2E6D8030, 37410249489260240, 522052809, 522052811, 2, 640x360 
0x2E6D8030, 37410249490061752, 522052889, 522052891, 2, 640x360 
0x2E6D8030, 37410249490381024, 522052922, 522052923, 1, 640x360 
0x2E6D8030, 37410249490699672, 522052953, 522052954, 1, 640x360 
0x2E6D8030, 37410249491020264, 522052986, 522052988, 2, 640x360 
0x2E6D8030, 37410249491340248, 522053017, 522053019, 2, 640x360 
0x2E6D8030, 37410249491660200, 522053048, 522053050, 2, 640x360 
0x2E6D8030, 37410249491986376, 522053078, 522053080, 2, 640x360 
0x2E6D8030, 37410249492299880, 522053114, 522053116, 2, 640x360 
0x2E6D8030, 37410249492620224, 522053141, 522053143, 2, 640x360 
0x2E6D8030, 37410249492940392, 522053177, 522053179, 2, 640x360 
0x2E6D8030, 37410249493261512, 522053210, 522053212, 2, 640x360 
0x2E6D8030, 37410249493580496, 522053239, 522053241, 2, 640x360 
0x2E6D8030, 37410249493899776, 522053271, 522053272, 1, 640x360 
0x2E6D8030, 37410249494220424, 522053305, 522053306, 1, 640x360 
0x2E6D8030, 37410249494699784, 522053353, 522053355, 2, 640x360 
0x2E6D8030, 37410249495020328, 522053385, 522053387, 2, 640x360 
0x2E6D8030, 37410249495340568, 522053417, 522053419, 2, 640x360 
0x2E6D8030, 37410249495660432, 522053450, 522053452, 2, 640x360 
0x2E6D8030, 37410249495980448, 522053482, 522053485, 3, 640x360 
0x2E6D8030, 37410249496300488, 522053509, 522053512, 3, 640x360 
0x2E6D8030, 37410249496620544, 522053545, 522053548, 3, 640x360 
0x2E6D8030, 37410249496940896, 522053573, 522053575, 2, 640x360 
0x2E6D8030, 37410249497261032, 522053610, 522053612, 2, 640x360 
0x2E6D8030, 37410249497580472, 522053640, 522053643, 3, 640x360 
0x2E6D8030, 37410249497900928, 522053674, 522053676, 2, 640x360 
0x2E6D8030, 37410249498220816, 522053701, 522053703, 2, 640x360 
0x2E6D8030, 37410249498540224, 522053734, 522053737, 3, 640x360 
0x2E6D8030, 37410249498860608, 522053766, 522053768, 2, 640x360 
0x2E6D8030, 37410249499340736, 522053817, 522053819, 2, 640x360 
0x2E6D8030, 37410249499660976, 522053849, 522053852, 3, 640x360 
0x2E6D8030, 37410249499980312, 522053879, 522053882, 3, 640x360 
0x2E6D8030, 37410249500300336, 522053910, 522053913, 3, 640x360 
0x2E6D8030, 37410249500620256, 522053943, 522053946, 3, 640x360 
0x2E6D8030, 37410249500940672, 522053975, 522053976, 1, 640x360 
0x2E6D8030, 37410249501261040, 522054006, 522054008, 2, 640x360 
0x2E6D8030, 37410249501580456, 522054038, 522054040, 2, 640x360 
0x2E6D8030, 37410249501901240, 522054070, 522054073, 3, 640x360 
0x2E6D8030, 37410249502220816, 522054104, 522054106, 2, 640x360 
0x2E6D8030, 37410249502541736, 522054134, 522054137, 3, 640x360 
0x2E6D8030, 37410249502860784, 522054168, 522054170, 2, 640x360 
0x2E6D8030, 37410249503179936, 522054200, 522054202, 2, 640x360 
0x2E6D8030, 37410249503500208, 522054232, 522054234, 2, 640x360 
0x2E6D8030, 37410249503980328, 522054280, 522054282, 2, 640x360 
0x2E6D8030, 37410249504300624, 522054310, 522054313, 3, 640x360 
0x2E6D8030, 37410249504621344, 522054344, 522054347, 3, 640x360 
0x2E6D8030, 37410249504941304, 522054375, 522054377, 2, 640x360 
0x2E6D8030, 37410249505260392, 522054407, 522054409, 2, 640x360 
0x2E6D8030, 37410249505580000, 522054439, 522054441, 2, 640x360 
0x2E6D8030, 37410249505900376, 522054471, 522054473, 2, 640x360 
0x2E6D8030, 37410249506220536, 522054505, 522054508, 3, 640x360 
0x2E6D8030, 37410249506540376, 522054538, 522054540, 2, 640x360 
0x2E6D8030, 37410249506861160, 522054566, 522054569, 3, 640x360 
0x2E6D8030, 37410249507180504, 522054597, 522054600, 3, 640x360 
0x2E6D8030, 37410249507500136, 522054633, 522054635, 2, 640x360 
0x2E6D8030, 37410249507820056, 522054665, 522054667, 2, 640x360 
0x2E6D8030, 37410249508140552, 522054696, 522054698, 2, 640x360 
0x2E6D8030, 37410249508620536, 522054745, 522054748, 3, 640x360 
0x2E6D8030, 37410249508940416, 522054777, 522054779, 2, 640x360 
0x2E6D8030, 37410249509261072, 522054808, 522054810, 2, 640x360 
0x2E6D8030, 37410249509579872, 522054839, 522054841, 2, 640x360 
0x2E6D8030, 37410249509900592, 522054870, 522054872, 2, 640x360 
0x2E6D8030, 37410249510220128, 522054902, 522054904, 2, 640x360 
0x2E6D8030, 37410249510540776, 522054933, 522054935, 2, 640x360 
0x2E6D8030, 37410249510860840, 522054966, 522054968, 2, 640x360 
0x2E6D8030, 37410249511180680, 522055001, 522055005, 4, 640x360 
0x2E6D8030, 37410249511500776, 522055031, 522055034, 3, 640x360 
0x2E6D8030, 37410249511820224, 522055066, 522055068, 2, 640x360 
0x2E6D8030, 37410249512140424, 522055097, 522055099, 2, 640x360 
0x2E6D8030, 37410249512460208, 522055127, 522055130, 3, 640x360 
0x2E6D8030, 37410249512788704, 522055159, 522055161, 2, 640x360 
0x2E6D8030, 37410249513259856, 522055205, 522055208, 3, 640x360 
0x2E6D8030, 37410249513579920, 522055241, 522055243, 2, 640x360 
0x2E6D8030, 37410249513900592, 522055272, 522055275, 3, 640x360 
0x2E6D8030, 37410249514219840, 522055305, 522055307, 2, 640x360 
0x2E6D8030, 37410249514540312, 522055336, 522055338, 2, 640x360 
0x2E6D8030, 37410249514860600, 522055367, 522055369, 2, 640x360 
0x2E6D8030, 37410249515181064, 522055399, 522055401, 2, 640x360 
0x2E6D8030, 37410249515500120, 522055431, 522055433, 2, 640x360 
0x2E6D8030, 37410249515820184, 522055465, 522055467, 2, 640x360 
0x2E6D8030, 37410249516140280, 522055496, 522055498, 2, 640x360 
0x2E6D8030, 37410249516460488, 522055528, 522055529, 1, 640x360 
0x2E6D8030, 37410249516780864, 522055560, 522055562, 2, 640x360 
0x2E6D8030, 37410249517100896, 522055591, 522055593, 2, 640x360 
0x2E6D8030, 37410249517420496, 522055625, 522055627, 2, 640x360 
0x2E6D8030, 37410249517899400, 522055672, 522055674, 2, 640x360 
0x2E6D8030, 37410249518220392, 522055706, 522055708, 2, 640x360 
0x2E6D8030, 37410249518541032, 522055738, 522055740, 2, 640x360 
0x2E6D8030, 37410249518860624, 522055765, 522055768, 3, 640x360 
0x2E6D8030, 37410249519180528, 522055799, 522055802, 3, 640x360 
0x2E6D8030, 37410249519501520, 522055831, 522055833, 2, 640x360 
0x2E6D8030, 37410249519827032, 522055866, 522055869, 3, 640x360 
0x2E6D8030, 37410249520140000, 522055898, 522055900, 2, 640x360 
0x2E6D8030, 37410249520460744, 522055929, 522055932, 3, 640x360 
0x2E6D8030, 37410249520781312, 522055960, 522055962, 2, 640x360 
0x2E6D8030, 37410249521101248, 522055993, 522055997, 4, 640x360 
0x2E6D8030, 37410249521420744, 522056025, 522056027, 2, 640x360 
0x2E6D8030, 37410249521740760, 522056057, 522056059, 2, 640x360 
0x2E6D8030, 37410249522540008, 522056140, 522056142, 2, 640x360 
0x2E6D8030, 37410249522860784, 522056165, 522056167, 2, 640x360 
0x2E6D8030, 37410249523180392, 522056199, 522056200, 1, 640x360 
0x2E6D8030, 37410249523500152, 522056231, 522056233, 2, 640x360 
0x2E6D8030, 37410249523820904, 522056263, 522056266, 3, 640x360 
0x2E6D8030, 37410249524141368, 522056298, 522056302, 4, 640x360 
0x2E6D8030, 37410249524462424, 522056329, 522056331, 2, 640x360 
0x2E6D8030, 37410249524780040, 522056359, 522056363, 4, 640x360 
0x2E6D8030, 37410249525101200, 522056393, 522056396, 3, 640x360 
0x2E6D8030, 37410249525439152, 522056428, 522056431, 3, 640x360 
0x2E6D8030, 37410249525740992, 522056458, 522056459, 1, 640x360 
0x2E6D8030, 37410249526060760, 522056485, 522056487, 2, 640x360 
0x2E6D8030, 37410249526381904, 522056519, 522056521, 2, 640x360 
0x2E6D8030, 37410249527181272, 522056600, 522056602, 2, 640x360 
0x2E6D8030, 37410249527499888, 522056632, 522056634, 2, 640x360 
0x2E6D8030, 37410249527819880, 522056667, 522056671, 4, 640x360 
0x2E6D8030, 37410249528140992, 522056698, 522056700, 2, 640x360 
0x2E6D8030, 37410249528463448, 522056726, 522056728, 2, 640x360 
0x2E6D8030, 37410249528781456, 522056760, 522056762, 2, 640x360 
0x2E6D8030, 37410249529099952, 522056792, 522056794, 2, 640x360 
0x2E6D8030, 37410249529420728, 522056821, 522056822, 1, 640x360 
0x2E6D8030, 37410249529740384, 522056857, 522056859, 2, 640x360 
0x2E6D8030, 37410249530060440, 522056888, 522056890, 2, 640x360 
0x2E6D8030, 37410249530380424, 522056919, 522056920, 1, 640x360 
0x2E6D8030, 37410249530700152, 522056951, 522056953, 2, 640x360 
0x2E6D8030, 37410249531020952, 522056983, 522056985, 2, 640x360 
0x2E6D8030, 37410249531340168, 522057016, 522057018, 2, 640x360 
0x2E6D8030, 37410249531822840, 522057062, 522057064, 2, 640x360 
0x2E6D8030, 37410249532140272, 522057094, 522057096, 2, 640x360 
0x2E6D8030, 37410249532460680, 522057126, 522057128, 2, 640x360 
0x2E6D8030, 37410249532779952, 522057158, 522057160, 2, 640x360 
0x2E6D8030, 37410249533099520, 522057190, 522057192, 2, 640x360 
0x2E6D8030, 37410249533420616, 522057224, 522057226, 2, 640x360 
0x2E6D8030, 37410249533740072, 522057255, 522057259, 4, 640x360 
0x2E6D8030, 37410249534060384, 522057286, 522057288, 2, 640x360 
0x2E6D8030, 37410249534386528, 522057319, 522057320, 1, 640x360 
0x2E6D8030, 37410249534699832, 522057350, 522057352, 2, 640x360 
0x2E6D8030, 37410249535024712, 522057384, 522057386, 2, 640x360 
0x2E6D8030, 37410249535344048, 522057416, 522057419, 3, 640x360 
0x2E6D8030, 37410249535660368, 522057449, 522057451, 2, 640x360 
0x2E6D8030, 37410249535981352, 522057477, 522057479, 2, 640x360 
0x2E6D8030, 37410249536461096, 522057528, 522057530, 2, 640x360 
0x2E6D8030, 37410249536780448, 522057559, 522057561, 2, 640x360 
0x2E6D8030, 37410249537099736, 522057590, 522057593, 3, 640x360 
0x2E6D8030, 37410249537420096, 522057626, 522057628, 2, 640x360 
0x2E6D8030, 37410249537740776, 522057658, 522057660, 2, 640x360 
0x2E6D8030, 37410249538064144, 522057690, 522057693, 3, 640x360 
0x2E6D8030, 37410249538381368, 522057720, 522057722, 2, 640x360 
0x2E6D8030, 37410249538700680, 522057751, 522057758, 7, 640x360 
0x2E6D8030, 37410249539021896, 522057786, 522057788, 2, 640x360 
0x2E6D8030, 37410249539341200, 522057817, 522057819, 2, 640x360 
0x2E6D8030, 37410249539660928, 522057847, 522057849, 2, 640x360 
0x2E6D8030, 37410249539980360, 522057879, 522057881, 2, 640x360 
0x2E6D8030, 37410249540300088, 522057910, 522057912, 2, 640x360 
0x2E6D8030, 37410249540621192, 522057945, 522057948, 3, 640x360 
0x2E6D8030, 37410249541099264, 522057993, 522057994, 1, 640x360 
0x2E6D8030, 37410249541421040, 522058022, 522058024, 2, 640x360 
0x2E6D8030, 37410249541740608, 522058055, 522058057, 2, 640x360 
0x2E6D8030, 37410249542060528, 522058088, 522058091, 3, 640x360 
0x2E6D8030, 37410249542380248, 522058121, 522058123, 2, 640x360 
0x2E6D8030, 37410249542699960, 522058152, 522058153, 1, 640x360 
0x2E6D8030, 37410249543020256, 522058181, 522058184, 3, 640x360 
0x2E6D8030, 37410249543340312, 522058218, 522058221, 3, 640x360 
0x2E6D8030, 37410249543661368, 522058248, 522058249, 1, 640x360 
0x2E6D8030, 37410249543980696, 522058280, 522058281, 1, 640x360 
0x2E6D8030, 37410249544300088, 522058312, 522058314, 2, 640x360 
0x2E6D8030, 37410249544621280, 522058346, 522058348, 2, 640x360 
0x2E6D8030, 37410249544940128, 522058376, 522058378, 2, 640x360 
0x2E6D8030, 37410249545260264, 522058408, 522058409, 1, 640x360 
0x2E6D8030, 37410249545740208, 522058455, 522058456, 1, 640x360 
0x2E6D8030, 37410249546061256, 522058487, 522058489, 2, 640x360 
0x2E6D8030, 37410249546381432, 522058518, 522058520, 2, 640x360 
0x2E6D8030, 37410249546700112, 522058550, 522058552, 2, 640x360 
0x2E6D8030, 37410249547022584, 522058585, 522058587, 2, 640x360 
0x2E6D8030, 37410249547340304, 522058621, 522058622, 1, 640x360 
0x2E6D8030, 37410249547660720, 522058646, 522058648, 2, 640x360 
0x2E6D8030, 37410249547980480, 522058678, 522058680, 2, 640x360 
